artist,genre
$NOT,Pop
$uicideboy$,Pop
&friends,Pop
(G)I-DLE,K-Pop
*NSYNC,Pop
00pium !*,Pop
10cc,Blues
12 Gvge,Pop
16teen,Rock
1999 WRITE THE FUTURE,Hip-Hop/Rap
1da Banton,Pop
2 Chainz,Hip-Hop/Rap
21 Savage,Hip-Hop/Rap
22Gz,R&B
23 Unofficial,Pop
24kGoldn,House
2Pac,Hip-Hop/Rap
3 Of A Kind,Pop
310babii,Pop
3582,Pop
36oZ,Pop
3NIGMA,Pop
3OH!3,Punk
41,Pop
42 Dugg,Hip-Hop/Rap
49th & Main,Pop
4batz,Hip-Hop/Rap
5 Seconds of Summer,Dance
50 Cent,Hip-Hop/Rap
54 Ultra,Pop
637iso,Pop
6ix9ine,Hip-Hop/Rap
6LACK,R&B
6th Street Jazz,Jazz
702,Pop
730RARRI,Pop
80purppp,Pop
88JETZ,Pop
88rising,Hip-Hop/Rap
8D Tunes,Pop
[bsd.u],Chillout
A Boogie Wit da Hoodie,Hip-Hop/Rap
A Great Big World,Acoustic
A Little Time,Pop
A Tribe Called Quest,Hip-Hop/Rap
A Whisper,Pop
A$AP Ferg,Hip-Hop/Rap
A$AP Mob,Hip-Hop/Rap
A$AP Rocky,Hip-Hop/Rap
a-ha,Synth-pop
A-Wall,Pop
A. Blomqvist,Pop
A. Mayven,Pop
A.R. Rahman,Bollywood
A1 x J1,Chillout
Aadesh Shrivastava,Pop
Aaliyah,Pop
Aaron May,Pop
Aaron Smith,House
Aaron Xeres,Pop
Aastha Gill,Pop
ABBA,Pop
Abdel Halim Hafez,Pop
Abhijeet,Bollywood
Abigail Albright,Pop
ABRA,Hip-Hop/Rap
Abra Cadabra,Hip-Hop/Rap
Abstract Orchestra,Classical
AC/DC,Hard Rock
Accelera Deck,Pop
accelerate,Pop
Ace of Base,Pop
Ace Spectrum,Pop
Action Bronson,Hip-Hop/Rap
Ad Tranquilitas,Ambient
Adam Gallo,Pop
Adekunle Gold,R&B
Adele,Pop
Aditi Singh Sharma,Indian Pop
Adnan Sami,Bollywood
Adonai Michel,Classical
adrain,Pop
Adrianne Lenker,Pop
Adriel Holt,Pop
Adrienne Clotard,Pop
Aero Chord,Pop
Aerosmith,Hard Rock
Afroman,Comedy
AgonyOST,Electronic
Agustin Pereyra Lucena,Pop
Ahmad Jamal,Jazz
Ahmad Jamal Trio,Pop
Ahrix,Dance
Aikeem Vill,Pop
Aimee Fleur,Pop
Air,Trip-Hop
Aitch,German Pop
AJ,Hip-Hop/Rap
AJ Tracey,Hip-Hop/Rap
Ajay Gogavale,Bollywood
Ajay-Atul,Bollywood
AJR,Rock
Akamodo,Pop
Akon,Dance
Akriti Kakar,Pop
Al Bowlly,Classical
Al Green,Blues
Al Stewart,Pop
Alabama Shakes,Blues
Alan Baylock Jazz Orchestra,Jazz
Alan Jameson,Pop
Alan Leon,Hip-Hop/Rap
Alan Silvestri,Pop
alan vuong,Pop
Alan Walker,House
Alberto Baldan Bembo,Pop
Alec Dufner,Classical
Alec Taylor,Pop
Alec Taylor Trio,Pop
Alek Olsen,Pop
Aleron Lapointe,Rock
Alex Flynn,Pop
Alex Laude,Pop
Alex Warren,Pop
Alex1,Chillout
Alexa ASMR,Ambient
Alexander Descartes,Pop
Alexander Scriabin,Pop
Alexandre Desplat,French Pop
Alfie Templeman,Indie Pop
Alfie Walker,Pop
Alfreda Brockington,Rock
Alfredo Evans,Pop
Algot Aelster,Pop
Ali Azmat,Pop
Alice Coltrane,Pop
Alice Frohde,Pop
Alice Phoebe Lou,House
Alicia Keys,R&B
Aliz Uveges,Pop
Alka Yagnik,K-Pop
all under heaven,Pop
Alleh,Pop
Allen Vizzutti / Jeff Tyzik,Pop
Almost Here,Pop
Alphaville,Synth-pop
AlunaGeorge,Electronic
Alur Mcrose,Pop
Alva Nørgaard,Pop
Alvin Risk,Pop
Alyssa Mendonsa,Bollywood
Ama,Pop
Amaal Mallik,Bollywood
Amanaz,Pop
Amanda Heartwood,Pop
AMB,Pop
America,Country
Ameritz Audio Karaoke,Pop
Ami Mishra,Pop
Aminé,Pop
Amit Kumar,Bollywood
Amit Trivedi,Bollywood
Amitabh Bachchan,Classical
Ancestral Beats,Pop
Anderson .Paak,Dance
Andrea Leiva Classical Hits,Classical
Andrea Romano,Classical
Andrew Rick,Pop
Andrew Seoul,Pop
Andy Luma,Pop
Andy Mineo,World
Angel Gregoire,Pop
Angela Rowles,Pop
Angelina Winter,Pop
Angie Goodham,Pop
Angry Children,Pop
Angus Grove,Pop
Anissa Henderson,Pop
Ankit Tiwari,Bollywood
Ankur Tewari,Singer-Songwriter
Ann Reinking,Musical Theatre
Anna Niva,Pop
Anna Thompson,Ambient
Anne-Marie,House
ANOTR,Ambient
Ant Saunders,Chillout
Antbeatz,Pop
Antdot,Pop
Anton Byers,Pop
Antonio Vivaldi,Classical
AntsLive,Pop
Antônio Carlos Jobim,Jazz
Anu Malik,Bollywood
Anurag Saikia,Folk
Anuv Jain,Indian Indie
Anyma,Techno
AP Dhillon,Punjabi Pop
Aparine,Pop
Aphex Twin,Ambient
Apollo Brown,Pop
Aprevied,Pop
April Ball,Pop
Aqua,Pop
Arash Safaian,Pop
Arcade Fire,Pop
Arcade Jam,Ambient
Arcane,Rock
Archie Semple,Pop
Archie Taylor,Pop
Arctic Monkeys,Indie Rock
Arden Brooks,Classical
ARDN,Pop
Aretha Franklin,R&B
Ari Lennox,Pop
Ariana Grande,Pop
Arielan Vide,Pop
Arijit Singh,Bollywood
Arizona Zervas,Pop
Arjun Kanungo,Hip-Hop/Rap
Arl1ny,Pop
Arlissa,House
Armaan Malik,Bollywood
Armand Hammer,Hip-Hop/Rap
Armando Trovajoli,Pop
Armani White,Indie Rock
ArmstrongWW,Pop
Aron Edwards,Classical
Aron Finneas,Pop
ArrDee,Pop
Arrested Development,Pop
Art Beckett,Pop
Art Blakey & The Jazz Messengers,Jazz
Arta Porting,Pop
ARTAN,Pop
Artemas,Pop
Arthur Prysock,Jazz
Arthur Russell,Pop
Artie Shaw,Jazz
Arto Ferrara,Pop
Arvind Akela Kallu Ji,Pop
AryaMusic Records,Pop
Arz,Chillout
Asanka,Pop
Ash King,Indian Pop
Asha Bhosle,Bollywood
Ashnikko,Electronic
Asim Azhar,Pop
ASMR Insomnia Aid & Sounds for Sleep,Ambient
ASMR Mateo,Ambient
ASMR Rain Sounds,Ambient
Astrud Gilberto,Jazz
Atif Aslam,Bollywood
Atrium Carceri,Pop
Attic Castle,Pop
Audereus,Pop
Audio Sculptor,Pop
Audrey Hepburn,Pop
Auf Weidersehen Pet,Pop
Augmented Meditation,Ambient
Auli'i Cravalho,Musical Theatre
Aura Lynx,Pop
aurelia,Pop
AURORA,German Pop
Austin Farwell,Pop
Ava Max,Dance
Avelino,Pop
Avenoir,Pop
Avery Miller,Pop
Avery Tormichael,Pop
Aviaries,Pop
Avicii,EDM
Aya Nakamura,French Pop
Ayivah,Pop
Ayzic,Pop
Aziz Hedra,Pop
B-Zey,Pop
B.A.S.I.C.,Pop
B.o.B,Children’s Music
BAANDIT!,Pop
Baauer,Electronic
Babbulicious,Pop
Baby Keem,Pop
Baby Kia,Pop
Baby Panna,Pop
Baby Rose,Pop
BabyChiefDoit,Pop
BabyDrill,Hip-Hop/Rap
Babyface Ray,Pop
Bachman-Turner Overdrive,Blues
Backstreet Boys,Dance
Bad Bunny,Latin
BADBADNOTGOOD,Jazz
Badd Tattoo,Hip-Hop/Rap
Badshah,Hip-Hop/Rap
Bag Raiders,Disco
Bakar,Hip-Hop/Rap
Baker St.,Pop
Bali,Pop
Banda MS de Sergio Lizárraga,Pop
Bandanna$aint,Pop
Bantu,Pop
Bappi Lahiri,Bollywood
Baptiste Herbin,Jazz
Baroque Festival Orchestra,Classical
Barrett Strong,Hip-Hop/Rap
Barry Manilow,Disco
Barry White,Disco
Bart Cohen,Pop
Bas,Hip-Hop/Rap
Based Savage,Pop
Bastille,House
Bazzi,Electronic
bbno$,Funk
Bea Westphal,Pop
beabadoobee,Indie Pop
Beach House,Indie Pop
Beach Weather,Rock
BEAM,Chillout
Beatchild,Pop
Beatrice,Pop
Beatzbyluc,Hip-Hop/Rap
Bedroom,Pop
Bee Gees,Disco
Beetlebug,Pop
Bella Element,Classical
Bella Poarch,Alternative Rock
Bellezza Eterna,Pop
Bellini,Pop
Ben Crosland,Pop
Ben E. King,R&B
Ben Flocks,Pop
Ben Folds,Classical
Ben Hubert,Pop
Ben Lively,Pop
Ben Reilly,Pop
Ben Webster,Pop
BENEE,Indie Pop
Benjamin Pirlo,Pop
Benjamine Hans,Pop
Benjamine Leroy Quartet,Pop
Benji Noor,Pop
benny blanco,Electronic
Benny Dayal,Indian Pop
Benny Goodman,Jazz
Benny Goodman Sextet,Pop
Benny The Butcher,Hip-Hop/Rap
Benslater15,Pop
Benson Boone,Pop
Bensound,Pop
Benzz,Hip-Hop/Rap
Bequem,Pop
Berlin,Synth-pop
berlioz,Jazz
Bernstein Square,Pop
Bertha Tillman,Pop
Bertholet,Pop
Bessie Smith,Hip-Hop/Rap
Best One,Pop
Beyoncé,Latin
Beyond The Guitar,Instrumental
BIA,Latin
Big Boogie,Hip-Hop/Rap
Big Ghost Ltd,Pop
Big Jay McNeely,Rock
Big L,Hip-Hop/Rap
Big Mountain,Reggae
Big Sean,Hip-Hop/Rap
Big Shaq,Hip-Hop/Rap
BigXthaPlug,Pop
Bill Conti,Rock
Bill Evans,Jazz
Bill Evans Trio,Jazz
Bill Parker,Pop
Bill Swindon,Pop
Bill Walton,Pop
Bill Withers,Jazz
Billie Eilish,Pop
Billie Holiday,Blues
Billie Marten,British
Billy Eichner,Disney
Billy Idol,Hard Rock
Billy Joel,Classical
Binaural Beats Sleep,Ambient
Bing-Bong Gandhi-Pants,Pop
Bird Of Pray,Pop
Birru,Classical
Bizarrap,Hip-Hop/Rap
Bizzy Crook,Pop
BJ The Chicago Kid,Alternative Rock
Bktherula,Pop
Black Atlass,R&B
Black Coffee,House
Black Eyed Peas,Dance
Black Ivory,Pop
Black Star,Pop
blackbear,Electronic
blackwave.,Pop
Blackway,Pop
Blade Brown,Pop
Blagoje Bersa,Classical
Blanco,Pop
BlocBoy JB,Hip-Hop/Rap
Blond Piano,Classical
Blonde Redhead,Alternative Rock
Blondie,Pop
Blood Orange,Chillout
Blu,Pop
Blue,Pop
BluntOne,Chillout
Blur,Alternative Rock
Blxst,Dancehall
Bob Dylan,Folk
Bob Marley & The Wailers,Reggae
Bobby Caldwell,Pop
Bobby Cole,Electronic
Bobby Helms,Rock
Bobby Katz Quartet,Pop
Bobby McFerrin,Pop
Bobby V.,Pop
Bobby Vinton,Rock and Roll
Boldy James,Hip-Hop/Rap
Bon Iver,Folk
Bon Jovi,Metal
Boney M.,Disco
Bonobo,Trip-Hop
Borai & Denham Audio,Pop
BossMan Dlow,Hip-Hop/Rap
Bowls Of Serenity,Pop
boy pablo,Pop
BoyWithUke,Pop
Boyz II Men,R&B
Brad Austen,Ambient
Brady Watt,Pop
Brainy,Pop
Brandon Sanders,Pop
Brandon Shah,Pop
Brandon's Three,Pop
brandUn DeShay,Hip-Hop/Rap
Brandy Charles,Pop
Brenda Lee,Rockabilly
Brennan Lynch,Pop
Brent Faiyaz,Pop
brentalfloss,Pop
Brenton Kossak,Pop
Britney Spears,Classical
BROCKHAMPTON,Rock
Brooksie,Pop
BrownWizard,Pop
Bru-C,Pop
Bruce Springsteen,Singer-Songwriter
Bruce Willmington & Co,Pop
Bruno Major,Pop
Bruno Mars,Pop
Bruno Sanders,Pop
Bryan Adams,Singer-Songwriter
Bryant Barnes,Pop
Bryson Tiller,EDM
BTS,K-Pop
Buckshot,Pop
Buddy,Dance
Buddy Greco,Jazz
Buddy Guy,Acoustic
Buddy Rich,Jazz
Buddy Rich Big Band,Jazz
Buddy Ross,Pop
Bugzy Malone,Hip-Hop/Rap
Burna Boy,Dancehall
Busta Rhymes,Hip-Hop/Rap
Busy Signal,J Dance
Byron Messia,Pop
Bóreas,Pop
bôa,Indie Pop
C418,Pop
C:Real,Pop
Cafuné,Indie Rock
Cage The Elephant,Punk
Caillou,Children’s Music
Caio Ghisi,Pop
Cal Tjader,Pop
Calboy,Hip-Hop/Rap
Caleb Arredondo,Pop
Calmatics,Ambient
Calmative,Ambient
Calmera,Ambient
Calmly,Ambient
Calvin Harris,EDM
Camila Cabello,Country
Camille Blanche,Jazz
Camille Saint-Saëns,French Pop
CAN,Psychedelic Rock
Canned Heat,Psychedelic Rock
Cannonball Adderley,Jazz
Cap1talA,Pop
Capital Cities,Rock
Captain & Tennille,Disco
Cardi B,Dance
Cardo Grandz,Pop
Carl Bagge Trio,Pop
Carl Clementine,Pop
Carl Douglas,Disco
Carl Dwight,Pop
Carl Fredman,Pop
Carl Philipp Emanuel Bach,Classical
Carla Anderson,Pop
Carlton Williams,Pop
Carly Rae Jepsen,Electronic
Carly Simon,Pop
Carmen Simmons,Pop
Carol Sloane,Pop
Carolina Gaitán,Pop
Carolina Liar,Pop
Carpenters,Pop
Cartoon,EDM
Cash Cobain,Pop
Cash!*,Pop
CASIOPEA,Pop
Catherine Russell,Pop
Caught A Ghost,Pop
CB,Hip-Hop/Rap
Cecil Andrews,Pop
Cedar Wright,Pop
Celeste,British
Celine Schulz,Pop
Central Cee,Hip-Hop/Rap
CG5,Anime
Chad Lawson,New Age
Chaitha,Pop
Chaka Khan,Disco
Chakra Shack,Pop
Chakrasapiens,Pop
Chance Peña,Pop
Chance the Rapper,Dance
Chandler Moore,World
Chappell Roan,Pop
Charles Aznavour,Pop
Charles Blake,Pop
Charles Daisey & Friends,Pop
Charles Mingus,Pop
Charli xcx,Pop
Charlie,Pop
Charlie James-Walker,Pop
Charlie Parker,Pop
Charlie Puth,Dance
Charlie's Angels,Hip-Hop/Rap
Charlotte Koomen,Pop
Charlotte Lawrence,British
Chase Atlantic,Pop
Chase Shakur,Pop
chata,Pop
Chateau Pop,Pop
Che Noir,Pop
Cheat Codes,House
Cher,Pop
Chester See,Pop
Chet Baker,Jazz
Chezile,Pop
Chicago,Singer-Songwriter
Chicago Ensemble (1997),Jazz
Chiccote's Beats,Pop
Chick Corea,Pop
Chief Keef,Hip-Hop/Rap
Chihiro Yamanaka,Pop
Childish Gambino,Disney
Chill Beats Music,Lo-Fi
Chinmayi,Bollywood
Chip,Pop
Chiwetel Ejiofor,Pop
Chloe Doyle,Classical
Chloe Welch,Pop
Chlöe,Hip-Hop/Rap
Cholyd,Pop
Chrastigel,Pop
Chris Brown,Latin
Chris de Burgh,Pop
Chris Grey,Pop
Chris Isaak,Pop
Chris Island,Pop
Chris Lukas,Pop
Chris Rainbow,Pop
Chris Rea,Blues
Chris Zabriskie,Pop
Christian Glass,Pop
Christian Kuria,Chillout
Christian Lindquist,Pop
Christiane Kerr,Ambient
Christina Mondzo,Pop
Christine Baranski,Pop
Christopher Colman,Jazz
Christopher Lennertz,Pop
Chrystal,Pop
Chuck Senrick,Pop
Chuck Strangers,Pop
Chunkz,Pop
Chuuwee,Hip-Hop/Rap
Cigarettes After Sex,Ambient
Cilla Black,Pop
Circe,Pop
CJ,Hip-Hop/Rap
CKay,Dancehall
Claire Haeving,Pop
Claire Martinelle,Pop
Clairo,Indie Pop
Clara La San,Ambient
Clark D,Pop
Clarke Taylor,Pop
Claude Debussy,Classical
Clavish,Pop
clavé!,Pop
Clean Bandit,Funk
Cleo Sol,Pop
Clifford Randall,Pop
Clipse,Hip-Hop/Rap
Closed on Sunday,Lo-Fi
CMC 3,Pop
Cochise,Pop
Cocteau Twins,Pop
Cody Fry,Indie Rock
COIN,Indie Pop
coldbrew,Pop
Coldplay,Alternative Rock
Cole Peers trio,Pop
"Cole Porter (composer), The MGM Studio Orchestra",Classical
Cole Worldddd,Pop
College,Synth-pop
Commodores,Disco
Common,Hip-Hop/Rap
Conan Gray,Electronic
Conductor Williams,Pop
Connan Mockasin,Pop
Conscious Evolution,Pop
Consequence,Hip-Hop/Rap
Conway the Machine,R&B
Cookin Soul,Pop
Cooky,Pop
Cool Relaxing Jazz,Ambient
Coolio,Funk
Coopex,House
Copenhagen Jazzexperience,Jazz
CORBAL,Pop
Cordae,Electronic
CORPSE,Pop
Cortex,Gothic Rock
Cory Weeds,Pop
CoryaYo,Pop
Cosmazul,Pop
Count Basie,Blues
Courtney Salas Group,Pop
Coyote Theory,Pop
Cozz,Hip-Hop/Rap
Cream,Psychedelic Rock
Creedence Clearwater Revival,Country
Cristin Milioti,Musical Theatre
Cru,Pop
Crumb,Garage Rock
Cruz Cafuné,Pop
Cruzzi,Pop
Crystal Castles,Hip-Hop/Rap
Cuco,Pop
Cults,Hip-Hop/Rap
cupcakKe,Pop
Curren$y,Alternative Rock
Current Joys,Indie Pop
cwthegoat,Pop
cykim,Pop
Cyndi Lauper,Disco
Cypress Hill,Hip-Hop/Rap
Cyranek,Pop
Cyrus Holloway,Pop
CZARFACE,Pop
Cécile McLorin Salvant,J-Pop
Céline Dion,Opera
César Muela,Pop
D-Block Europe,Dancehall
D. Silverstone,Classical
D1ofAquavibe,Pop
d3puu,Pop
d4vd,Ambient
DaBaby,Hip-Hop/Rap
Daddy's Groove,Pop
Daddyphatsnaps,Anime
Daft Punk,Pop
Dakpa Nepali,Pop
Dalton Webster,Pop
damaa.beats,Pop
Damien Rice,Singer-Songwriter
Dan Evans-Parker,Pop
Dan Goten,Pop
DanCaesar,Pop
Danger Mouse,Hip-Hop/Rap
DANGERDOOM,Pop
Dani Mezzo,Pop
Daniel Caesar,R&B
Daniel Price,Pop
Daniel Seavey,Ambient
Daniele Leoni,Classical
Danielle Quenoil,Pop
Danny Byrd,Drum and Bass
Danny Elfman,Pop
Danny Walgreen,Pop
Daprinski,Pop
Darius Briley,Pop
Darkoo,Hip-Hop/Rap
Darshan Raval,Pop
Daryl Hall & John Oates,Rock
Dasha,Pop
Dashawn Jordan,Pop
Daughter,Pop
Dave,Hip-Hop/Rap
Dave Brubeck,Classical
Dave Matthews Band,J Rock
Dave202,Pop
David Bowie,Rock
David Guetta,EDM
David Hazeltine,Classical
David Jenau,Pop
David Puentez,House
David Xie,Pop
Davidji,Ambient
Davishmar,Pop
Dawn Huntley,Pop
Dax,EDM
Day by Dave,Pop
Dayglow,Pop
Dbangz,Pop
DDG,Hip-Hop/Rap
De La Soul,J-Pop
Dead Or Alive,Synth-pop
Dead Prez,Drum and Bass
Dean Blunt,Rock
Dean Martin,Jazz
Declan McKenna,Alternative Rock
Dee Burton,Pop
Dee Lucas,Hip-Hop/Rap
Deep Purple,Psychedelic Rock
Deep Sleep Music Collective,Ambient
Deepak Chopra,Pop
definitive,Pop
Degli Scalzi,Pop
DeJ Loaf,Pop
Deji,Pop
Delaney Bailey,Singer-Songwriter
Delialah El-Atwi,Pop
Della Valle,Pop
Delta Heavy,Drum and Bass
Dem Political Peeps,Pop
Demi Lovato,Dance
Deno,Chillout
Denzel Curry,Electronic
Derek Hines Trio,Pop
Desiigner,Pop
Destiny's Child,Pop
Destroy Lonely,Pop
Dev Negi,Bollywood
Devachi,Pop
Devon Crouch,Pop
Devon Fall,Pop
Dexter Gordon,Jazz
Dexys Midnight Runners,Ska
Dhruv,Pop
dhxuv,Pop
Dhyāna One,Ambient
Diana Cooper,Ambient
Diana Krall,J-Pop
Diana Ross,Disco
Dick Dale & His Del-Tones,Pop
Dido,Hip-Hop/Rap
Diego de Frigiliana,Pop
Diego Dumas,Classical
Different Heaven,Pop
Digable Planets,Pop
Digga D,Funk
Digidudes,Pop
Dijon,R&B
Diljit Dosanjh,Punjabi Pop
Dinah Washington,Blues
Dionne Warwick,Disco
Diplo,EDM
Dirty Tay,Pop
Disco Lines,Pop
Disfigure,EDM
Disturbed,Metal
Divijata Ash,Pop
DIVINE,Hip-Hop/Rap
Dizzy Gillespie,Pop
DJ HANSEN,Electronic
DJ Khaled,Hip-Hop/Rap
DJ Muggs,Electronic
DJ Premier,Hip-Hop/Rap
DJ Snake,Electronic
Dj Wisam,Electronic
Djo,Pop
dkj,Pop
DLJ,Pop
Dmitry Baevsky,Pop
DMX,Hip-Hop/Rap
Doctor Hz,Pop
Doechii,R&B
Doja Cat,Dance
Dolly Parton,Country
Dominic Fike,Alternative Rock
Dominique Cerejo,Bollywood
Dominurmom,Pop
Domo Genesis,Hip-Hop/Rap
Don Blaine,Pop
Don Ellis,Pop
Don Kai,Pop
Don Toliver,EDM
Donald Minestra,Pop
DONDA,Pop
"Donna B. Pincus, Phd.",Ambient
Donna Summer,Disco
Donny Hathaway,R&B
dopuu,Pop
Doris Day,Jazz
Dorothy Mckenzie,Pop
double5dacy,Pop
Douglas Ruby Trio,Pop
Down Ta Erf,Pop
Dp,Pop
Dr Stiig,Pop
Dr. Andrew Huberman,Ambient
Dr. Dog,Folk
Dr. Dre,Funk
Drake,Hip-Hop/Rap
Drakeo the Ruler,Pop
Dre Breezo,Pop
Dream,J Idol
Dream Note,Indie Rock
Dream Supplier,Ambient
"Dream, Ivory",Pop
Dreamland,Pop
Dreamville,Hip-Hop/Rap
Dred Scott,Pop
Dresmore,Pop
Drew Milner,Pop
driftø blues,Pop
Drill Remix Guys,Hip-Hop/Rap
Drip-Drop,Pop
Dro Kenji,Pop
Droogie Otis,Pop
Dropkick Murphys,Punk
Drowning Pool,Industrial
Dua Lipa,Dance
Duckwrth,Alternative Rock
Duke Ellington,Classical
Dupont,Pop
Duponte et Duponte,Pop
DVBBS,House
Dxvid,Pop
dye,Pop
Dylan Naber,Pop
Dynamic Dimension,Pop
DāM-FunK,Garage Rock
e11ander,Pop
Eagles,Rock
Earl Klugh,Instrumental
Earl Sweatshirt,Hip-Hop/Rap
EARTHGANG,Hip-Hop/Rap
Easy Jam,Rock
Eazy-E,Hip-Hop/Rap
EBK Jaaybo,Pop
Echo & the Bunnymen,Punk
Eckhart Tolle,Pop
Ed Sheeran,Pop
Eddie Condon,Jazz
Eddie Floyd,Pop
Edison Lighthouse,Electronic
Edvard Grieg,Classical
Edward France,Pop
Edward Maya,House
Edward Newton,Classical
Edward Ong,Pop
eevee,Chillout
Eiffel 65,Pop
Einar Magnusson,Pop
Eko Roosevelt,House
Eleanor Rivers,Pop
Electric Light Orchestra,Classical
Electric Rivers,Pop
Eli Cummins,Hip-Hop/Rap
Eli M. Arnold,Pop
Elijah Fox,Classical
Elin Porsinger,Hip-Hop/Rap
Elisa Couvez,Pop
Elisa Mosel,Pop
Ella Fitzgerald,Blues
Ella Mai,Pop
ellee ven,Pop
Elley Duhé,EDM
Ellie Manne,Pop
Elliot Baxter,Pop
Elliot Wilson,Pop
Elliott Chambers,Classical
Elliott Smith,Indie Pop
Elmo Hope Trio,Pop
Elodie Malabul,Pop
Elof Sunflower,Ambient
Elsa Gifford,Pop
Elton John,Classical
Elton Willis,Pop
Elvine Harley,Pop
Elvis Costello,Pop
Elvis Presley,Rockabilly
ElyOtto,Pop
Elysian Heart,Pop
Elza Laranjeira,Pop
Elzhi,Pop
Emile Mosseri,Synth-pop
Emile Valadon,Pop
Emily Blossom,Pop
Emily Green Trio,Pop
Emily Watts,Pop
Eminem,Hip-Hop/Rap
Eminence,Pop
Emma Oliver,Pop
Emma Remelle,Pop
Emma Stone,Pop
Emmit Fenn,House
Empire Of The Sun,Pop
Enderboybeats,Pop
ENNY,Hip-Hop/Rap
enobe,Pop
Enoch Light,Pop
Enrique Iglesias,Latin
Enya,Pop
Eric Carmen,Disco
Eric Clapton,Blues
Eric Merlino,Pop
Eric Reprid,Pop
Eric Rowland,Pop
Erick the Architect,Pop
Erik Satie,Classical
Erik von Spreckelsen,Pop
Erroll Garner,Classical
Erykah Badu,Pop
EsDeeKid,Pop
Eser Inc.,Pop
Esmeraldas,Ambient
esone,Pop
ESPRIT 空想,Pop
Essosa,Pop
Estelle,R&B
Estralogic,Pop
Eternal Raijin,Pop
Ethan Élgar,Pop
Ethel Cain,Pop
Ethereal,Pop
Ethereva,Pop
Etta James,Blues
Etta Jones,Jazz
Europe,Hard Rock
Evanescence,Metal
Evelyn Eastwood,Pop
Everett Clay,Pop
Eyedress,Pop
Ezra Collective,Pop
F.R. David,Disco
F3miii,Pop
Fabrizio Paterlini,Ambient
Fabuluxe,Pop
fakemink,Hip-Hop/Rap
Falak Shabbir,Pop
Falk Tyler,Pop
Fall Out Boy,Emo
Fallegur Tonn,Pop
fallen angel,Pop
Famous Dex,Rock
Fantasy Journeys for Kids,Pop
Farhan Akhtar,Bollywood
Farida Khanum,Pop
Farnell Newton,Pop
Faster,Disco
Faye Webster,Pop
fedo DJ,Electronic
Feid,Latin
Felix McCoy Quartet,Pop
Felix Møller,Pop
FelixThe1st,Hip-Hop/Rap
Fergie,Dance
Ferragno,Pop
Fetty Wap,J Dance
Fifth Harmony,Acoustic
Figgy Malone,Classical
Fileas Aunad,Pop
Finatticz,Pop
Fiona Greenly,Rock
Fironn,Pop
Fish Go Deep,Pop
Fishing in Japan,Pop
Fitz and The Tantrums,Alternative Rock
Fivio Foreign,R&B
Flatbush Zombies,Pop
Fleetwood Mac,Rock
Flingu,Pop
Flo Milli,Alternative Rock
Flo Rida,Dance
flora cash,Pop
Flowervillain,Pop
Flying Lotus,J Dance
flyingfish,Pop
Flyleaf,Metal
Fontaines D.C.,Pop
Foo Fighters,Grunge
Force Of Nature,Pop
forcian,Pop
Foreigner,Hard Rock
Fort Minor,Rock
Foster Davies,Pop
Foster The People,Indie Rock
FOUR7EVEN,Pop
Francesca Marr,Pop
Francesco Le Metre,Pop
Francis Graden,Ambient
Francis Lai,Pop
Franck Byrne,Pop
Francorchamps,Pop
Frank Abrahall,Pop
Frank Guardiola,Pop
Frank Keme,Pop
Frank Ocean,R&B
Frank Sativa,Pop
Frank Sinatra,Traditional Pop
Frankie Cosmos,Indie Pop
Frankie Valli,Disco
Frankie Valli & The Four Seasons,R&B
Franz Gordon,Pop
Franz Liszt,Classical
Franz Schubert,Classical
Fred again..,Trip-Hop
Fred Astaire,Pop
Fred Hayes,Pop
Fred Mitchell,Pop
Freddie Dredd,Pop
Freddie Gibbs,Hip-Hop/Rap
Free Floaticity,Pop
Free Nationals,R&B
French Montana,Hip-Hop/Rap
Frosty Dinero,Pop
Frédéric Chopin,Classical
Frédéric Schubert,Classical
Fugees,Pop
Full Presence,Pop
Fulton Street Players,Pop
Fumez The Engineer,Hip-Hop/Rap
fun.,Rock
Funky DL,Jazz
Future,Hip-Hop/Rap
Future Utopia,Pop
G Herbo,Hip-Hop/Rap
G-Eazy,Indie Pop
G. V. Prakash,Bollywood
G.D. Kaur,Hip-Hop/Rap
Gabriel Albuquerqüe,Pop
Gabriel Gonzalez,Pop
Gabrielle,British
Gail Cameron,Pop
Galantis,House
Galeazzo,Pop
Gallagher And Lyle,Pop
Galt MacDermot,Pop
Gang Of Four,Hip-Hop/Rap
Gang Starr,Hip-Hop/Rap
Gangsta Rap,Hip-Hop/Rap
Garoto,Pop
Gary Glitter,Rock
Gary Jules,Pop
gauthydies4u,Pop
GAYLE,Alternative Rock
Geek Music,Pop
GELO,Pop
Gene Ammons,Pop
General Degree,Dancehall
Gentle Giant,Psychedelic Rock
Geoff Zanelli,Pop
George Agate,Pop
George Alec,Pop
George Benson,Instrumental
George Dukenfield,Pop
George Ezra,Pop
George Gower,Pop
George Harrison,Folk
George Jacomel,Pop
George Michael,Pop
George W. Bush,Pop
Gerry Mulligan,Pop
Gerry Mulligan Sextet,Pop
Gesaffelstein,Dance
Ghetts,Drum and Bass
Ghost The Producer,Pop
Gia Lee,Pop
Gibran Alcocer,Pop
Giggs,Dancehall
Gigi Perez,Pop
Ginuwine,R&B
Gipsy Kings,Pop
girl in red,Indie Pop
Giveon,R&B
GIVĒON,Pop
Gladys Knight & The Pips,Disco
Glass Animals,Indie Pop
Glass Trio,Pop
Glen Campbell,Folk
Glenn Harrold,Ambient
Glenn Medeiros,Pop
Glenn Miller,Country
Glenn Miller Orchestra,Classical
Glint,Pop
GloRilla,Hip-Hop/Rap
gnash,EDM
Godard,Pop
GoldLink,Hip-Hop/Rap
Good Neighbours,Pop
Googoosh,Pop
Goratie,Pop
Gordo,French Pop
Gordon Goodwin's Big Phat Band,Jazz
Gorillaz,Alternative Rock
Goson,Pop
Gottfried Barber,Pop
Gotye,Pop
Grace Carey,Pop
Gracie Abrams,Indie Pop
Grand Puba,Pop
Grant Ellery,Pop
Graydon Poole,Pop
greek,Pop
Green Day,Punk
"Greg de Vries, The Meditation Coach",Ambient
grentperez,Chillout
Greydon Park Band,Pop
GRiFF!,Pop
Grimes,Alternative Rock
Griselda,Pop
GROOVY,Pop
GROUPLOVE,Pop
"Grover Washington, Jr.",Jazz
Guadalquivir,Pop
Gucci Mane,Dance
Gunna,Hip-Hop/Rap
Guns N' Roses,Hard Rock
Gus Anderson,Pop
Guts,Pop
Guè,Hip-Hop/Rap
Gwen Stefani,Country
Gwyn,Pop
Gym Class Heroes,Dance
H.E.R.,R&B
haeze,Pop
Haley Rainwater,Ambient
Haley Steegens,Pop
Half Past Blue,Pop
Halgeir Nielsen,Pop
Halsey,Indie Pop
Hamilton Jones,Pop
Hamilton Reed,Pop
Hana Stretton,Pop
Hank Jones,Jazz
Hank Levy,Pop
Hank Mobley,Pop
Hannah Williams,Pop
Hans Bukowski,Pop
Hans DeGeer,Pop
Hans Jacob,Pop
Hans Mölle,Pop
Hans Zimmer,German Pop
Hariki,Pop
Harper Douglas,Pop
Harrdy Sandhu,Pop
Harry Allen,Pop
Harry James,Jazz
Harry Reed,Pop
Harry Styles,Pop
Harshdeep Kaur,Bollywood
Harshit Saxena,Pop
Harvey Cooper,Pop
Haukur Ólafsson,Pop
HAZEY,Hip-Hop/Rap
HB Slim,Pop
Headie One,Hip-Hop/Rap
Healing Potion,Pop
Heather Riley,Pop
Heddwch,Ambient
Hedi,Pop
Helene Augbert,Pop
Henriette Martin,Pop
Henry Mancini,Pop
Her's,Indie Pop
Herb Alpert & The Tijuana Brass,Pop
Herbie Hancock,Opera
Herman Anderson,Pop
Hi-Tek,Pop
Hildir Svensson,Pop
Hildur Guðnadóttir,Ambient
Hillary Duff,Pop
Himesh Reshammiya,Bollywood
Hippo Campus,Pop
Hiromi,Pop
Hit-Boy,Hip-Hop/Rap
HitsOnHits,Pop
HM Surf,Pop
Hocktide,Pop
Hoffy Beats,Jazz
Honeysetts,Pop
HONÜ,Pop
Hopsin,Pop
Horace Silver,Pop
Hotel Ugly,Pop
Hott Headzz,Hip-Hop/Rap
Howard Goodall,Pop
Hozier,Singer-Songwriter
Hubert Laws,Pop
Hugo Allessi,Pop
Hulu Otto,Pop
Huncho Jack,Reggae
HUNNY,Pop
Hunter Paige,Pop
HUNTR/X,Pop
Hveiti Brauo,Pop
HYDR,Pop
Hzino,Pop
I See MONSTAS,Pop
ian,Pop
Ian Hugel,Pop
Ian Nordberg,Pop
Ice Cube,Funk
Ice Spice,Pop
Iceberg,Pop
Iceboy Ben,Pop
ICYTWAT,Pop
Idi Akz,Chillout
IDK,Hip-Hop/Rap
Iggy Azalea,Pop
ihategrowinup,Pop
iilwdc,Pop
Ike Quebec,Pop
Ilene Woods,Pop
ILOVEMAKONNEN,Emo
Ilse Fisher,Pop
Ima Robot,Pop
Imaginary Future,Acoustic
Imagine Dragons,Rock
Imran Khan,Hip-Hop/Rap
In-No-Scence,Pop
Infahmus,Pop
Injury Reserve,Hip-Hop/Rap
Inner Calmness,Ambient
Inner Circle,Reggae
Insane Clown Posse,Pop
insaneintherainmusic,Pop
Instrumental Icons,Electronic
Instrumental Trap Beats Gang,Hip-Hop/Rap
Internet Money,Pop
Interpol,Pop
INTERWORLD,Pop
Invadable Harmony,Pop
Irene Kral,Pop
Iron Maiden,Hard Rock
Irvin Smith,Pop
Irvine Martin,Pop
Isaac Cassidy,Pop
Isabel LaRosa,Pop
Isabel's Dream,Pop
Isabella Morales,Pop
Isac Solo,Pop
Isac Solo Trio,Pop
Isaiah Dreads,Pop
Isaiah Falls,Pop
Isaiah Lewis,Pop
Isaiah Rashad,Electronic
Isobel Fontenay,Pop
Issy Tam,Pop
it's murph,Pop
itssvd,Pop
Ivan Blois,Pop
Ivan Graziani,Pop
Ivorian Doll,Pop
Ivory Soul Trio,Pop
Ivory Wings,Pop
I’amMe,Pop
J A Y E L E C T R O N I C A,Pop
J Boog,J-Pop
J Dilla,Pop
J Hus,Dancehall
j'san,Chillout
j-hope,K-Pop
J. Alke,Pop
J. Cole,Hip-Hop/Rap
J. Rawls,Pop
J.K. Simmons,Pop
Jaani,Bollywood
Jack Harlow,Hip-Hop/Rap
Jack McDuff,Pop
Jack Murnin,Pop
Jack Stauber,Indie Rock
Jack Ü,EDM
JACKBOYS,Hip-Hop/Rap
Jacob Baron,Pop
Jacob Collier,Alternative Rock
Jacob Concord,Pop
Jacob De La Rose,Pop
Jacob Schröder,Pop
Jacob Vidal,Pop
Jacquees,Pop
Jacques Liti,Pop
Jade Melody,Pop
Jaden,Pop
Jaden Berry,Pop
Jaden Cohen,Pop
JAE5,Hip-Hop/Rap
jagger finn,Pop
Jah'sir!,Pop
Jahan Shokouhi,Pop
Jakob München,Pop
Jalen Santoy,Pop
James & LIsa,Pop
James Arthur,House
James Auren,Pop
James Bay,EDM
James Blake,Electronic
James Brown,Funk
James DiResta,Pop
James Earle,Pop
James Earle Trio,Pop
James Elias,Pop
James Horner,Opera
James Leeluck,Pop
James Michael Stevens,Classical
James Morrison,Pop
James Song,Pop
Jamie Cullum,J-Pop
Jamiroquai,Pop
Jan Holdsworth,Pop
Jan Metternich,Pop
Jan Singh,Pop
Janelle Monáe,Alternative Rock
Janos Sebestyen,Classical
Jared Moreno Luna,Pop
Jarvis Cocker,British
Jasleen Royal,Singer-Songwriter
Jason Derulo,Dance
Jason Lumen,Pop
Jatin-Lalit,Bollywood
Javed Ali,Bollywood
Javier Santiago,Pop
Jawad Ahmad,Indian Pop
JAY MALAKHI,Pop
Jay Rock,Rock
JAY VALLE,Pop
Jay Worthy,Pop
JAY-Z,Grunge
JAY1,Hip-Hop/Rap
Jaymes Young,Rock
Jazmine Sullivan,Pop
JAŸ-Z,Pop
JBEE,Pop
Jbrisko,Pop
JD McCrary,Disney
Jden Ray,Pop
Jdot Breezy,Pop
Jean Bonal,Jazz
Jean Fines,Pop
Jean Sibelius,Classical
Jeanette Ives,Pop
Jeannie Purdue,Pop
Jeet Gannguli,Bollywood
Jefe_on_the _beat,Pop
Jeff Buckley,Singer-Songwriter
Jelly Roll Morton,Pop
Jenevieve,Chillout
Jennifer Lopez,Dance
Jennifer Toledo,Pop
Jeremih,Electronic
Jeremy Ledbetter Trio,Pop
Jeremy Passion,Chillout
Jeremy Zucker,Electronic
Jeri Southern,Pop
Jessie J,House
Jessie Reyez,House
Jesus Molina,Pop
Jet,Alternative Rock
jev.,Pop
Jhené Aiko,Dance
JID,Hip-Hop/Rap
Jim Croce,Country
Jim Jensen,Pop
jimbob,Pop
Jimi Hendrix,Psychedelic Rock
Jimmy Durante,Hip-Hop/Rap
Jimmy Rupnow,Pop
Jimmy Udonis,Pop
JJ DOOM,Pop
Jme,Pop
JMSN,Pop
JNR CHOI,Pop
Jody Riley,Pop
Joe Cocker,Blues
Joe Hisaishi,Anime
Joe James,Pop
Joe Jørgensen,Pop
Joe Kay,Pop
Joe M. Key,Pop
Joe Wilson Trio,Pop
Joel Corry,House
Joel Goldberg,Pop
Joel Owen,Pop
Joep Beving,Ambient
Joey Bada$$,Emo
Joey Purp,Pop
Joey Valence & Brae,Hip-Hop/Rap
Johann Sebastian Bach,German Pop
John Carpenter,Pop
John Cena,Pop
John Coltrane,Jazz
John Coltrane Quartet,Jazz
John Crome,Pop
John Denver,Folk
John Dex,Pop
John Hiatt,Pop
John Legend,R&B
John Lennon,Rock
John Mayer,Singer-Songwriter
John michel,Pop
John Newman,Pop
John Paesano,Pop
John Rae,Pop
John Vincent III,Folk
John Wasson,Pop
John Williams,Instrumental
Johnny Blackwood,Pop
Johnny Hodges,Pop
Johnny Hodges & His Orchestra,Classical
Johnny Mathis,Classical
Joi Barua,Indian Pop
Joji,Trip-Hop
Jon Belle,Pop
Jon Brion,Bluegrass
Jon Purdey,Pop
Jonas Blue,House
Jonas Brothers,House
Jonathán Bridges,Pop
Jonny Greenwood,Ambient
Jordan Ward,Pop
Jordana,Pop
Jorelyn Ariza,Pop
Jorja Smith,Dancehall
Joseph Cole,Pop
Joseph Daye,Pop
Joseph Haydn,Classical
Joseph Nevels,Pop
Josh Turner,Country
Joshua Garland,Pop
Joshua Kyan Aalampour,Pop
Joshua Redman,Pop
Joshua Ware,Pop
José Feliciano,Pop
Journey,Hard Rock
JourneyBox,Pop
Joy Again,Garage Rock
Joyner Lucas,Metal
JOYRYDE,Electronic
JPB,Dub
JPEGMAFIA,Industrial
JR Serpent,Pop
jsilos,Pop
Jubin Nautiyal,K-Pop
Jubël,Pop
Juggy D,Indie Pop
Juice Newton,Country
Juice WRLD,Electronic
Julee Cruise,Pop
Jules Gaia,Pop
Jules Pierre Gardot,Pop
Julia Quincy,Pop
julian,Pop
Julian Emerson,Classical
Julie London,Jazz
Julius Palladini,Pop
Junior Carrol,Pop
Junior M.A.F.I.A.,Hip-Hop/Rap
Just Kids,Children’s Music
JustAcoustic,Pop
Justice Der,Pop
Justin Bieber,Pop
Justin Hurwitz,Pop
Justin Timberlake,House
Justine Skye,Chillout
JVKE,Indie Pop
Jvmes Cember,Pop
Jón Araujo,Pop
K CAMP,Pop
K-OS,Pop
K-Trap,Hip-Hop/Rap
K.I.G,Pop
K5ive,Pop
Kaash Paige,Pop
Kaci Bruin,Pop
Kai Winding,Hip-Hop/Rap
Kali Uchis,Alternative Rock
Kalyanji-Anandji,Bollywood
kamen!,Pop
Kanii,Pop
Kanika Kapoor,Hip-Hop/Rap
Kanisan,Pop
Kanye West,Hip-Hop/Rap
Karan Aujla,Punjabi Pop
Karaoke Freaks,Pop
KaraokePro,Pop
Karim Kamar,Classical
Karl-Erik,Pop
Karthik,Bollywood
Kasabian,Garage Rock
Kassia,Classical
Kate Bush,Classical
Kate Hudson,Dance
Katy Perry,Dance
Kavinsky,Electronic
Kavita Krishnamurthy,Bollywood
Kay Lohman,Pop
Kay9ine,Pop
KAYDEN,Pop
KAYTRAMINÉ,Hip-Hop/Rap
KAYTRANADA,R&B
KCHAZE,Pop
Keely Lake,Pop
Keharo,Pop
Kehlani,Dance
Kelis,Alternative Rock
Kelly Clarkson,Opera
Ken Carson,Hip-Hop/Rap
Kendrick Lamar,Hip-Hop/Rap
Kenny Dorham,Pop
Kenny Loggins,Rock
Kenny Mason,Hip-Hop/Rap
Kenny Segal,Pop
Kero One,Hip-Hop/Rap
Kerris Dorsey,Hip-Hop/Rap
keshi,Chillout
Kevin Abstract,Pop
Kevin MacLeod,Pop
Kevin Rudolf,Pop
Key Glock,Hip-Hop/Rap
Keyshia Cole,Dancehall
Khalid,House
Khamari,Pop
Khari Mateen,Pop
Khesari Lal Yadav,Pop
khxznq,Hip-Hop/Rap
Kid Carti.,Pop
Kid Cudi,Hip-Hop/Rap
KIDS SEE GHOSTS,Pop
Kidwild,Hip-Hop/Rap
KiLLOWEN,Pop
Killsaka,Pop
Kim Bo,Classical
Kim Jonas,Pop
Kim Lawrence,Pop
Kim Winther,Ambient
Kina Grannis,Acoustic
King Geedorah,Pop
King Harvest,Pop
King Herbert & The Knights,Pop
King Krule,Pop
King Oliver's Creole Jazz Band,Jazz
King Von,Pop
Kings Elliot,Pop
Kings of Leon,Pop
Kingsbury Station,Pop
Kishore Kumar,Bollywood
Kit Sutton,Pop
Kitty Kallen,Classical
KK,Indian Pop
Klaus Badelt,German Pop
Klaus Falkenberg,Pop
KMD,Pop
Knife Party,House
Knucks,Electronic
Knxwledge,Pop
Kodak Black,Hip-Hop/Rap
Kodaline,Rock
Konstantin Rotärmel,Pop
Kool & The Gang,Disco
Koomz,Pop
Kordhell,Pop
Korea Girl,Pop
Korina Bedoya,Pop
Kota the Friend,Pop
KR$NA,Hip-Hop/Rap
Kris Baines,Pop
Kris Bowers,Classical
Kristian Hart,Pop
Kristina Loveflower,Ambient
krush,Pop
Krystyn,Pop
KSI,House
Kumar Sanu,K-Pop
Kurt Stewart,Pop
Kusorare,Pop
kwn,Hip-Hop/Rap
KXLRA,Pop
Kye Wood,Pop
KYLE,Drum and Bass
Kyle Dixon & Michael Stein,Pop
Kyle Exum,Pop
Kyle Landry,Pop
Kylie Minogue,Electronic
Kyrie Barnes,Pop
L'Orchestra Cinematique,Classical
La Brigida Orquesta,Pop
La La Land Cast,Pop
Labh Janjua,Hip-Hop/Rap
Labi Siffre,Pop
Labrinth,Indie Pop
Lady Gaga,Pop
Lakhbir Singh Lakkha,Pop
Lamadeii,Pop
Lambo4oe,Pop
Lana Del Rey,Alternative Pop
Lana Jax,Pop
Lancey Foux,Pop
Lang Lang,Classical
Laro LaFlame,Pop
Larry Coryell,Pop
Larry Fleet,Pop
Larry June,Hip-Hop/Rap
Lars Florence,Pop
LaRussell,Pop
Laszlo Teofil,Pop
Lata Mangeshkar,Bollywood
Latto,House
Laufey,Singer-Songwriter
Laura Fygi,Jazz
Laura Romano,Pop
Lauv,Electronic
Lavern,French Pop
Le Bleu Ensemble,Pop
Leah Burton,Pop
Leah Lambert,Pop
Leave,Pop
Lebo M.,Disney
Lecce Mchano,Pop
Lecrae,World
Led Zeppelin,Hard Rock
Lee Bendroth,Pop
Lee Santana,Pop
Leikeli47,Pop
Leiki Ueda,Classical
Lelio Luttazzi,Pop
Lelo,Pop
Lenard Lovito,Pop
Lenka,Pop
Lennon Stella,Electronic
Lenowa Parson,Pop
Leon Arms,Pop
Leon Bridges,Country
Leon Thomas,Hip-Hop/Rap
Leonard Hokanson,Classical
Leonz,Hip-Hop/Rap
leonz the rapper,Hip-Hop/Rap
Leroy,Pop
Les Sales Gosses,Pop
Lesley Gore,Pop
Leslie North,Pop
Lester Young,Jazz
Lewis Capaldi,Pop
Ley Soul,Pop
Leyland Rogers,Pop
Liam Dunn,Pop
Liana Flores,Indie Pop
Libianca,Pop
Lifeforce Affirmations,Pop
Liilz,Chillout
Lijo George,Bollywood
Lil Baby,Hip-Hop/Rap
Lil Dann,Hip-Hop/Rap
Lil Drako,Hip-Hop/Rap
Lil Durk,Hip-Hop/Rap
Lil Eli,Hip-Hop/Rap
Lil Loaded,Hip-Hop/Rap
Lil Memer,Hip-Hop/Rap
Lil Mosey,Latin
Lil Nas X,Hip-Hop/Rap
Lil Peep,Emo
Lil Pump,Emo
Lil Skies,Emo
Lil Tecca,Hip-Hop/Rap
Lil Tjay,R&B
Lil Uzi Vert,Dance
Lil Wayne,Dance
Lil Yachty,Electronic
Lil-K,Pop
Lilas Délice,Pop
LilDeuceDeuce,Pop
Lindiwe Mkhize,Disney
Linior,Pop
Linkin Park,Alternative Rock
Lionel Richie,Disco
Lisa ASMR,Ambient
Lisa Ekdahl,Pop
Lisa Livalli,Pop
Lisa Rembrandt,Pop
Lithe,R&B
Little Mix,House
Little Simz,Alternative Rock
Living Colour,Alternative Rock
Living Room,Jazz
LivingForce,Classical
Lizzo,Hip-Hop/Rap
Lizzy McAlpine,Chillout
LL Clawz,Pop
Lloyd,Pop
Lo Larsen,Pop
Lo Mimieux,Pop
Loafy Building,Pop
Loathe,Metal
Lobo,Folk
Loe Shimmy,Rock
Lofi Hip-Hop Beats,Lo-Fi
Lofi Lia,Lo-Fi
Loft Trio,Pop
Loftet,Pop
Logan Jameison,Pop
Logic,Electronic
Lojay,Pop
Lola Brooke,Hip-Hop/Rap
London Music Works,Classical
London Theatre Orchestra & Cast,Classical
London Voices,Pop
Lord Apex,Pop
Lord Choc Ice,Pop
Lord Huron,Folk
Lorde,Pop
Loski,Hip-Hop/Rap
LOSTBOYBK,Pop
LOSTBOYJAY,Pop
Lotus Mind,Ambient
Lou Donaldson,Pop
Lou Green,Pop
Louie Martin,Pop
Louie Smith,Pop
Louis Armstrong,Jazz
Love Falk,Classical
Love Renaissance (LVRN),Hip-Hop/Rap
Lovecjay,Pop
Lowmeek,Pop
Loyle Carner,Alternative Rock
Luca Armone,Pop
Luca Kerr,Pop
Lucas Collins,Pop
Lucian Byrne,Pop
Luciano Michelini,Pop
Lucie Jean,Pop
LUCKI,Hip-Hop/Rap
Lucky Ali,Bollywood
Lucky Daye,Indie Pop
Lucky Luke,Electronic
Lucy Schwartz,Pop
Ludacris,Latin
Ludovico Einaudi,Ambient
Ludovico Sagese,Pop
Ludwig Göransson,Pop
Ludwig Minkus,Pop
Ludwig van Beethoven,Classical
Luhh Dyl,Pop
Luis Diseminado,Pop
Luis Fonsi,Latin
Luke Chiang,Chillout
Luke Dunn,Pop
Lukee,Pop
Luna's Garden,Ambient
LunaLight,Pop
Luniz,Funk
Lupe Fiasco,Pop
lust,Pop
Luther Vandross,Disco
Luz,Singer-Songwriter
Luísa Sonza,Brazilian
Lvcci,Pop
Lxzt,Pop
Lykke Li,Pop
Lyle Walters,Pop
Lyn Ardbeg,Pop
Lyn Lapid,Singer-Songwriter
Lynyrd Skynyrd,Blues
Lyrical Lemonade,Hip-Hop/Rap
Léo Delibes,Opera
Léon Mignard,Pop
M. Birkeland,Ambient
M83,French Pop
Mac DeMarco,Indie Rock
Mac Miller,Hip-Hop/Rap
Macey Clark,Pop
Mach-Hommy,Hip-Hop/Rap
Macklemore,House
Macklemore & Ryan Lewis,Hip-Hop/Rap
Madan Mohan,Indian Pop
Madcon,Pop
Madeleine Peyroux,J-Pop
Madeleine West,Pop
Madhur Sharma,Pop
Madison Beer,House
Madison Wynn-Riley,Pop
Madlib,Pop
Madonna,Dance
Madvillain,Pop
Magdalena Bay,Pop
Magic System,French Pop
MAGIC!,Reggae
Mahalakshmi Iyer,Bollywood
Mahogany Lox,Pop
Maikel Saxx,Pop
main character melodies,Classical
Maiorca,Pop
Maisie Peters,Indie Pop
Majid Jordan,R&B
Major Lazer,EDM
MAKAVELIGODD,Pop
Malcolm Todd,Pop
malcon!,Pop
Maluma,Latin
Mame Khan,Folk
Mamta Sharma,Bollywood
Man In The Moon,Pop
Manchester Orchestra,Classical
Manhattan Jazz Band,Jazz
Manhattan Jazz Quartett,Jazz
Manifesting for Change,Pop
MANIK MC,Pop
Mann,Hip-Hop/Rap
Mannie Goldings,Pop
Mano,Bollywood
Marc Copland,Pop
Marc Leigh,Pop
Marc Millis,Pop
Marco Apicella,Pop
Margaret Whiting,Pop
Mariah Carey,Hip-Hop/Rap
Mariah the Scientist,Pop
Marilyn Monroe,Pop
Marilyn Morris,Pop
Mario A,Pop
Mark Ambor,Pop
Mark Benson,Disney
Mark Morrison,British
Mark Ronson,Dance
Mark Roswell Trio,Pop
Maroon 5,Pop
marQ,Pop
Marshmello,House
Martin Bloch,Classical
Martin Garrix,House
Martin Hoper,Pop
Martin Landström,Jazz
Martini Martini,Pop
Marty Spotnic,Pop
Marvin Gaye,R&B
Mary J. Blige,R&B
Mary Lou Stephens,Pop
Masayoshi Takanaka,Pop
Masego,Pop
Masked Wolf,Electronic
Mason Olsen,Pop
Massimo Faraò Trio,Pop
Mathieu Fiset,Jazz
Mats Tärnfors,Pop
Matt Hansen,Singer-Songwriter
Matt Lingus,Pop
Matt Maltese,Indie Pop
Matthew Azrieli,Pop
Matthew G,Pop
Matthew Simmons,Pop
Matthew Wilder,Musical Theatre
Mattia Vlad Morleo,Ambient
Maurice Font,Pop
Maurice Miro,Pop
Maurillo,Pop
Maverick Sabre,Drum and Bass
MAVI,Pop
Max Richter,Ambient
Maxence Capoue,Pop
Maxence Cyrin,Ambient
Maxime Fleury,Pop
Maxime Leroy Trio,Pop
maximilian,Pop
Maxo Kream,Hip-Hop/Rap
May Laude,Pop
Mayfare Trio,Pop
Maynard Ferguson,Pop
Maz B,Pop
Maze,Disco
Mazelfyre,Pop
Mazzy Star,Alternative Rock
MC Hammer,Pop
MC Kevin o Chris,Funk
Mc Platinum & The Apples,Reggae
Mcap Steve,Pop
McCoy Tyner,Classical
Mcd Sprite,Electronic
Meadow Park,Pop
MEDUZA,EDM
Meek Mill,Hip-Hop/Rap
Meet Bros Anjjan,Folk
Meet Bros.,Bollywood
Meg Lawrence,Pop
mell-ø,Pop
MellowHype,Hip-Hop/Rap
Melvin Gale,Pop
Men I Trust,Indie Pop
Menahan Street Band,Afrobeats
Mereba,Hip-Hop/Rap
Metallica,Metal
Metaphysical Sound Therapy,Ambient
Metro Boomin,Hip-Hop/Rap
Meyhem Lauren,Pop
MF DOOM,Hip-Hop/Rap
MGMT,Alternative Rock
Mia Bartlett,Pop
Mia Carrera,Classical
Micah Edwards,Pop
Michael Bodega,Pop
Michael Bublé,J-Pop
Michael Franks,Pop
Michael Giacchino,Pop
Michael Jackson,R&B
Michael Lavigne,Pop
Michael Price,British
Michael Prince,Ambient
Michael Vignola,Pop
Michael Yanis,Pop
Mick Anthony,Pop
Mick Jagger,Pop
Mick Jenkins,Pop
Midday Wednesday,Pop
Migos,Electronic
Miguel,R&B
Mika Singh,Indian Pop
MIKE,Rock
Mike Coen,Pop
Mike Diva,Hip-Hop/Rap
Mike Flips,Pop
Mike Jones,Hip-Hop/Rap
Mike Patton,Pop
Mike WiLL Made-It,Hip-Hop/Rap
mikeeysmind,Pop
Milad Greenland,Pop
Miles Davis,Jazz
Miles Davis Quintet,Pop
Miles Hartfield,Pop
Miles Henley,Pop
Miley Cyrus,Dance
Milk & Bone,Pop
Millie Blue,Pop
Million Eyes,Pop
millkzy,Pop
MiloMusik,Pop
Miniminter,Pop
Mino Conte & Co,Pop
Mino Lawrence,Pop
MINOVA,Pop
Miri Ben-Ari,J Dance
Miriam Modest,Pop
Mirshad Bin Moideen,Pop
Misregard,Pop
Missy Elliott,Funk
Misty Ray,Pop
Mithoon,Bollywood
Mitski,Indie Pop
Mixtape Madness,Chillout
Miyklo,Pop
MKTO,Rock
Mobb Deep,Hip-Hop/Rap
Modest Mouse,Pop
Modjo,Disco
Moelizi,Pop
MOGUAI,House
Mohammed Irfan,Bollywood
Mohit Chauhan,Indian Pop
Moisés Nieto,Classical
Mom Tudie,Pop
mommy,Chillout
Money Man,Ambient
Moneybagg Yo,Hip-Hop/Rap
Montell Fish,Pop
Montenegro Garner,Pop
Moonsong,Pop
Mooski,Hip-Hop/Rap
Morgan Fleich,Pop
Morgan Jaquette,Pop
Morgan Meir,Pop
Mos Def,Trip-Hop
Most Iverson,Hip-Hop/Rap
Mouse Rat,Pop
Mr Weebl,Pop
Mr. Käfer,Jazz
Mrbeast,Pop
MrBigB,Pop
Ms Banks,Dance
Ms. Lauryn Hill,Hip-Hop/Rap
Muchi,Pop
Mukesh,Bollywood
MUNI,Pop
Murcy,Pop
Music Lab Collective,Children’s Music
Music Lab Strings,Pop
Music Legends,Pop
Mustafa,Pop
Mustard,R&B
Mychael Danna,Hip-Hop/Rap
Myka,Pop
Myles Dale,Pop
Myles Lloyd,Pop
Måneskin,Indie Pop
Måns & Dotter,Jazz
N.E.R.D,Pop
N.W.A.,Hip-Hop/Rap
Naeleck,Electronic
Nagawa Meditation,Ambient
Nakash Aziz,Indian Pop
Namtso Healing,Pop
Nancy Sinatra,Electronic
Nancy Wilson,Jazz
Napoleon Da Legend,Pop
Nardo Wick,Rockabilly
narsi,Pop
Nas,Hip-Hop/Rap
Nash Parker,Pop
Nat King Cole,Jazz
Nat King Cole Trio,Jazz
Natalie Cole,R&B
Natalie Meir,Pop
Natasha Bedingfield,Punk
Nathalie Ambrosi,Pop
Nathan Dawe,House
Nathan Hui-Yi,Lo-Fi
Nathan R. Edwards,Pop
Nature Of Sweden,Pop
Naughty Boy,Pop
NAV,Pop
Navy Blue,Pop
Neal Hefti & his Orchestra and Chorus,Classical
NEEDTOBREATHE,World
Neeraj Shridhar,Indian Pop
Neha Kakkar,Bollywood
NEIKED,House
Neil Chapman Green,Pop
Neil Diamond,Folk
neiren!,Pop
Nej,French Pop
Nelly,Hip-Hop/Rap
Nelly Furtado,Latin
Nemzzz,Hip-Hop/Rap
Neon Trees,Alternative Rock
Nessa Barrett,Electronic
Netsky,Drum and Bass
Netta Brielle,Pop
never die,Pop
New England,Pop
New West,Indie Rock
Newington Green,Pop
Next Town Down,Hip-Hop/Rap
NF,Hip-Hop/Rap
Nicholas Britell,Pop
Nicholas Craven,Pop
Nicholas Fischer,Pop
Nicholas Fraser,Pop
Nicholas Wright,Pop
Nicholas Yee,Pop
Nick Cave & The Bad Seeds,Singer-Songwriter
Nick Grant,Hip-Hop/Rap
Nick Wolf,Pop
Nicki Minaj,Dance
Nico & Vinz,House
Nicole Henry,Pop
Niels Henningsen,Pop
Nikka Costa,Pop
Niko B,Pop
Nilesh Ahuja,Pop
Nimelle,Pop
Nina Simone,Blues
Nineve Wilson,Pop
Nirvana,Grunge
Nitsua,Pop
Niykee Heaton,Pop
NLE Choppa,Hip-Hop/Rap
Nnenna Freelon,Pop
No Spirit,Ambient
Noah Francis,Pop
Noah Guy,Pop
Noah Henderson,Pop
Noah Jacob,Pop
Noah Kahan,Singer-Songwriter
noevdv,Pop
Nola Finch,Pop
Nollaig Paolo,Pop
Nolo Flows Yo,Pop
Noname,Pop
Nora Gray,Pop
Norah Jones,J-Pop
Nordic Light Trio,Pop
Northern Dreams,Pop
Not for Radio,Pop
Nothing But Thieves,Pop
Nouvelle Marée,Pop
Nova Blanche,Pop
NOVAKANE,Pop
Novo Alonso,Pop
Novo Amor,Ambient
Novo Stella,Pop
Novulent,Pop
Novvel,Pop
Nstens1117,Pop
Nujabes,Chillout
Nutcase22,Pop
NX Zero,Emo
Nyan Cat,Pop
Oasis,Britpop
OB OBrien,Hip-Hop/Rap
Oberhofer,Ambient
Oblé Reed,Pop
Ocean Wisdom,Hip-Hop/Rap
Octavian,Alternative Rock
October Legacy,Pop
Octomber,Pop
Odd Future,Hip-Hop/Rap
Odeal,Hip-Hop/Rap
ODESZA,Chillout
ODIE,Pop
OFB,Hip-Hop/Rap
Offset,House
Oh Wonder,Indie Pop
OK2BGAY,Pop
Ola Gjeilo,Pop
Oliver Black,Pop
Oliver Nelson,Synth-pop
Oliver Smith,Trance
Oliver Stone,Ambient
Olivia Dean,R&B
Olivia Newton-John,Disco
Olivia Rodrigo,Pop
Olly Alexander (Years & Years),Pop
Olly Murs,Pop
OMA,Pop
Omar Apollo,R&B
Ombre2Choc Nation,Pop
One Direction,Pop
OneRepublic,Classical
Only The Family,Hip-Hop/Rap
Oobie,Pop
Original Dixieland Jazz Band,Jazz
Original Three,Pop
Orion Rivera,Pop
Orion Sun,Chillout
Ornette Coleman,Jazz
Oscar Peterson,Classical
Oscar Peterson Trio,Pop
Ota Brown,Pop
Otis Redding,R&B
Otnicka,Electronic
Ottilie Lebau,Pop
Outkast,Pop
outoftouch,Pop
overthxnk,Pop
Ovrkast.,Pop
Owl City,Indie Pop
Oxlade,Dancehall
Pa Salieu,Trip-Hop
Paco,Hip-Hop/Rap
Palak Muchhal,Bollywood
Pale Jay,Pop
Panchiko,Pop
Panjabi MC,Hip-Hop/Rap
Paolo Biscottini,Pop
Paolo Nutini,British
Papa Roach,Metal
Paperboy Fabe,Pop
Papon,Folk
Paramore,Emo
Park Leaf,Pop
Parry Gripp,Pop
Part Time,Garage Rock
Particle Guidance,Pop
PARTYNEXTDOOR,R&B
PARTYOF2,Pop
Pastor T.L. Barrett and the Youth for Christ Choir,Gospel
Pat Metheny,Instrumental
Patricia Lalor,Pop
Patrick Buote,Pop
Patrick Watson,Pop
Patrick Wolf,Pop
Patrik Pietschmann,Classical
Paul Anka,Rock and Roll
Paul Desmond,Pop
Paul McCartney,Bluegrass
Pawan Singh,Pop
Pawni Pandey,Pop
Payal Dev,K-Pop
Payton Howard,Pop
payzodic,Pop
Peach Pit,Electronic
Pearl Jam,Grunge
pedram,Pop
Peebs The Prophet,Ambient
Pendulum,Drum and Bass
Penelope Scott,Indie Pop
Penford Giles,Pop
Penguin Piano,Classical
Penny Goodwin,Pop
PENPALS,Pop
Pequeño Casero,Pop
Percy Faith & His Orchestra,Classical
Pete Rock,Hip-Hop/Rap
Pete Rock & C.L. Smooth,Rock
Pete Townshend,Blues
Peter CottonTale,World
Peter Godfrey,Pop
Phantogram,Indie Rock
Pharrell Williams,House
Pheelz,Pop
Phil Collins,Pop
Phil Manzanera,Latin
Philip Glass,Ambient
Phillip Doc Martin,Pop
Phoebe Bridgers,Ambient
Phoenix Archer,Pop
Phoenix Feels,Pop
Pia Nouvelle,Pop
Piano Dreamers,Classical
Piano Pianissimo,Classical
Piano Prayers,Classical
Piano University,Classical
Pianostalgia FM,Classical
Picturesque Sound,Pop
Piero Piccioni,Pop
Piero Umiliani,Classical
Pim,Pop
Pimmie,Hip-Hop/Rap
Pinegrove,Pop
Pink Floyd,Progressive Rock
Pink Guy,Comedy
Pink Siifu,Pop
Pinkfong,Children’s Music
PinkPantheress,Pop
Pino,Hip-Hop/Rap
Pitbull,Latin
Pixies,Alternative Rock
Pi’erre Bourne,Hip-Hop/Rap
Pj Glizzy,Pop
PJ Harvey,Psychedelic Rock
Plain White T's,Punk
Planet Giza,Pop
Playboi Carti,Hip-Hop/Rap
Player,Pop
Playuncle Farti,Pop
Plínio Fernandes,Ambient
PnB Rock,Emo
Polo G,House
Polyphonic Music Library,Pop
Pooh Shiesty,Hip-Hop/Rap
Pop Smoke,R&B
Popcaan,J Dance
Portiere Woodtar,Pop
Portugal. The Man,Hip-Hop/Rap
Posonium,Pop
POst Annam,Pop
Post Malone,R&B
potsu,Chillout
Poundz,Pop
Pouring Voices,Pop
Powfu,Pop
Pozer,Pop
praise.,Pop
Pretenders,Folk
Prince,Funk
Prince Shakir,Pop
Prince Zuko,Hip-Hop/Rap
Pritam,Bollywood
prod. satan,Pop
prodby7teen,Pop
Project Pat,Hip-Hop/Rap
Promoting Sounds,Pop
Psychedelic Porn Crumpets,Garage Rock
Pusha,Pop
Pusha T,Alternative Rock
Qendresa,Pop
Quality Control,Hip-Hop/Rap
Quasimoto,Pop
Quavo,Hip-Hop/Rap
Queen,Rock
Queens of the Stone Age,Blues
Queezy Queez,Hip-Hop/Rap
Quelle Chris,Pop
QuickNap,Pop
Quiet Point,Pop
Quincy Jones,Disco
Quinn Harrington,Pop
R. Embers,Pop
R.E.M.,Alternative Rock
Ra Ra Riot,Pop
Rachel Chinouriri,Pop
Rachel Portman,British
Radiohead,Alternative Rock
Rae Khalil,Hip-Hop/Rap
Rae Sremmurd,Pop
Rage Against The Machine,Alternative Rock
Rahat Fateh Ali Khan,Bollywood
Rahul Vaidya,Pop
Raina Simone,Pop
Ralph Castelli,Indie Pop
Ram Sampath,Hip-Hop/Rap
Ramin Djawadi,German Pop
Ran Raiten,Classical
Ranbir Kapoor,Folk
Randall Peterson,Pop
Randy Newman,Disney
Rannar Sillard,Pop
Ranveer Singh,Hip-Hop/Rap
Rapsody,Hip-Hop/Rap
Rashid Ali,Bollywood
Rashid Khan,Classical
Ratna,Pop
Ravyn Lenae,R&B
Ray Bryant,Pop
Ray Charles,Classical
Ray Horne,Pop
Ray Love,Pop
Ray Royston,Pop
Ray Vaughn,Hip-Hop/Rap
re:inhabit,Pop
RealestK,Pop
Reality Club,Pop
ReauBeau,Pop
Rebecca Palmer,Pop
Red Garland,Classical
Red Garland Trio,Pop
Red Hot Chili Peppers,Alternative Rock
Redman,Hip-Hop/Rap
redveil,Pop
Reese Witherspoon,Pop
Regard,EDM
Rehash,Pop
Rejjie Snow,French Pop
Rekha Bhardwaj,Bollywood
Rema,Funk
Reneé Rapp,Pop
Renée Zellweger,Pop
Reotshepile,Pop
Retromelon,Pop
Reuben Plays,Pop
Rex Miller,Pop
Rex Orange County,Pop
Rhys Wells,Pop
Riar Saab,Pop
Rich Amiri,Pop
Rich The Kid,EDM
Richard Cheese,Pop
Richard Marx,Pop
Richard Strauss,Pop
Riche Giroux,Pop
Rick Astley,Synth-pop
Rick Ross,Electronic
Ricky Martin,Dance
Ricky Montgomery,Indie Pop
Ricky Nelson,Rockabilly
RICO Ray,Pop
Rihanna,Dancehall
Riko Rose,Pop
Riley Cobb,Pop
Rish NK,Pop
Rita May,Pop
Ritchie Valens,Rockabilly
River Tiber,Pop
Riyandi Kusuma,Classical
Roar,Indie Pop
Rob Araujo,Pop
Rob Cantor,Disney
Rob Van Bavel,Pop
Rob49,Pop
Robbins Island Music Group,Ambient
Robert Elovsson,Pop
Robert Schumann,Classical
Roberta Flack,Disco
Robin Thicke,R&B
Roc Marciano,Hip-Hop/Rap
Rocco,Chillout
Rochak Kohli,Pop
Rochelle Jordan,Pop
Rocko,Rock
Rockwell,Rock
Rod Wave,Hip-Hop/Rap
Roddy Ricch,Hip-Hop/Rap
Rodney O,Pop
Rodrigo Amarante,Brazilian
Roger Strauss,Pop
Roland Wilder,Pop
Roll Deep,Pop
Romain Collin,Pop
Rome Streetz,Hip-Hop/Rap
Ron Bladworth,Pop
Ron de Lauren,Hip-Hop/Rap
Ron Lopata,Pop
Ron Marks,Pop
Ron Suno,Pop
Ronzo,Chillout
Roop Kumar Rathod,Bollywood
Rory Ryan,Pop
ROSALÍA,Latin
Ross Ware,Pop
ROSÉ,K-Pop
Rot Ken,Hip-Hop/Rap
Rotimi,Dancehall
Rousseau,Pop
ROUTE11,Pop
Roy Hargrove,Pop
Roy Orbison,Rockabilly
Roy Purdy,Pop
Roy Woods,R&B
Royal & the Serpent,Alternative Rock
Royal Crown Revue,Pop
Rudimental,House
Rudy Raw,Pop
Rudy Winston,Pop
Rupert Holmes,Pop
Rushy,Pop
Russ,Pop
Russ Millions,Reggae
Russell Preston,Pop
Rusted Root,J Rock
Ruth B.,Pop
Ryael,Pop
Ryan Beatty,Pop
Ryan Gosling,Pop
Ryan Hemsworth,Hip-Hop/Rap
Ryan Higa,Hip-Hop/Rap
Rylo Rodriguez,Hip-Hop/Rap
S. P. Balasubrahmanyam,K-Pop
S1lva,Pop
S1mba,Hip-Hop/Rap
Saba,Hip-Hop/Rap
Saber Bourne,Pop
Sabrina Carpenter,Electronic
Sachet Tandon,Pop
Sachet-Parampara,Pop
Sachin-Jigar,Bollywood
Sacred Dreams,Pop
Sad Night Dynamite,Pop
Sade,British
Sage The Gemini,Dance
sagun,Chillout
Saib,Chillout
Saiming,Pop
SAINt JHN,House
Sainté,Pop
Saleem Shahzada,Pop
Salim–Sulaiman,Folk
salvia palth,Emo
Sam Backing Tracks,Pop
Sam Cooke,Pop
sam e hues,Pop
Sam Fender,Indie Rock
Sam Fischer,Pop
Sam Smith,Pop
Sam Tinnesz,Blues
Sam Wills,Chillout
Sama Thakore,Pop
Samantha Foster,Pop
Samara Cyn,Pop
Samiy,Pop
Samlight,Pop
Sammy Atlas,Pop
Sample Junkie,Pop
Samuel Da Silva,Pop
Samuel Green,Pop
Samuel Kahn,Pop
Samuel Kees,Pop
Sanam,Bollywood
Sander Bjerke,Pop
Sandesh Shandilya,Bollywood
Sandra Turner,Pop
Santana,Blues
Santi Bordera,Pop
Saphena Trio,Pop
SaraaMongo,Pop
Sarah Coponat,Classical
Sarah Vaughan,Jazz
Sasha Alex Sloan,House
Saweetie,Dance
Scarlett Johansson,Pop
Scarlxrd,Dub
Scatman John,Pop
ScHoolboy Q,Alternative Rock
Scissor Sisters,Pop
Scooby,Pop
Scorpions,Hard Rock
Scott Hamilton,Jazz
SE-Quartet,Pop
Seal,British
Sean Eastman,Pop
Sean Leon,Hip-Hop/Rap
Sean Paul,Dancehall
SEATBELTS,Jazz
Sebastian Hart,Pop
Secession Studios,Pop
Self Proclaimed Narcissist,Pop
Senthil Dass,K-Pop
September,Pop
SERAPHINE NOIR,Pop
Serenata Moss,Pop
Seth Bluebird,Pop
Seth Liane,Pop
Seth MacFarlane,Pop
Seth William,Pop
Sevdaliza,Pop
Seven Missing Santas,Pop
Sexyy Red,Hip-Hop/Rap
Señor Coconut,Pop
Shaan,Bollywood
Shaarib Toshi,Bollywood
Shae OT,Pop
Shafqat Amanat Ali,Bollywood
Shaggy,Reggae
Shankar Mahadevan,Bollywood
Shankar-Ehsaan-Loy,Bollywood
Shaolin Healing Bowls,Pop
sharkboy,Pop
Sharon Shannon,Pop
Shawn Mendes,Dance
Shazam Conner,Pop
Shazzie Love,Ambient
She & Him,Pop
She Died Real Pretty,Pop
Sheck Wes,Electronic
Shekhar Ravjiani,Bollywood
Shelly,Pop
Shemar Moore,Pop
Shiloh Dynasty,Pop
Shilpa Rao,Indian Pop
Shirley Ann Lee,Pop
Shirley Bassey,Electronic
Shivoryx,Pop
Shokk,Pop
Shoreline Mafia,Pop
SHR!TAN,Pop
Shreya Ghoshal,Bollywood
Shubh,Hip-Hop/Rap
SHY,Pop
Sia,Dance
Sid Sriram,Bollywood
Sidemen,Pop
Sideshow,Pop
Sidhu Moose Wala,Punjabi Hip-Hop
Sidney Bechet,Pop
Sienna Rose,Pop
SIENNA SPIRO,Pop
Sigala,House
Silo,Pop
Simnoid,Pop
Simon & Garfunkel,Folk
Simon Westman,Pop
Simone Morelli,Pop
Simple Minds,Synth-pop
Sinead Fisher,Pop
Sing Cast,Pop
SiR,Pop
Sir Mix-A-Lot,Pop
Sister Sledge,Disco
Sive Holmes,Pop
Sixpence None The Richer,Pop
Skeeter Davis,Pop
Skepta,Hip-Hop/Rap
Ski Mask The Slump God,Emo
Skilla Baby,Pop
Skrillex,Electronic
Skryptonite,Pop
sky,Pop
Skylar Grey,Classical
SkyZlimit,Pop
SL,Pop
SLACKCiRCUS,Pop
SleazyWorld Go,Hip-Hop/Rap
Sleep Advisor,Ambient
Sleeping At Last,Ambient
Sleepy Hallow,R&B
Sleepy Tom,Ambient
Slovak Philharmonic,Opera
Slow Moving Millie,Pop
Slowdive,Pop
Slum Village,Pop
Sly M,Pop
slō,Pop
Smash Mouth,Alternative Rock
Smiley,Hip-Hop/Rap
Smino,Pop
Smoke & Mirrors Trio,Pop
Smokey Robinson,Disco
Smokey Robinson & The Miracles,Funk
Snoh Aalegra,Alternative Rock
Snoop Dogg,Funk
Snow Patrol,Rock
Snowy White,British
Soakstream,Ambient
Social House,Dance
SoFaygo,Pop
Soft Brush Touches,Pop
Soft Cell,Synth-pop
Sohail Rana,Pop
Sohail Sen,Bollywood
Solange,Hip-Hop/Rap
Solo Sounds,Pop
sombr,Pop
SoMo,Pop
Son Lux,Pop
Sona Mohapatra,Bollywood
Sonder,Pop
Songer,Pop
Sonny Beckerlee,Pop
Sonny Clark,Pop
Sonu Nigam,Bollywood
Sophie Nichols,Pop
Sopperior,Pop
sosocamo,Pop
Soul Elevation,Pop
SoulChef,Pop
Soulja Boy,K-Pop
Souls Of Mischief,Hip-Hop/Rap
Soulwhirlingsomewhere,Pop
Soundtrack Orchestra,Classical
Southside,House
Southside Players,Pop
SPACEGIRL GEMMY,Pop
Spaze Windu,Pop
sped up nightcore,Rock
Spirit Garden,Pop
Spongebob Squarepants,Children’s Music
Spooky Tooth,Pop
Sports,R&B
Spotify,Pop
SR,Hip-Hop/Rap
st3.ve0,Pop
Stacey Bassetti,Ambient
Stacey Ryan,Pop
Staff Costa,Pop
Stan Getz,Jazz
Stan Stead,Pop
Stan Van Outen,Pop
Starland Vocal Band,Pop
Statik Selektah,Pop
Stay Flee Get Lizzy,Hip-Hop/Rap
steezy prime,Pop
Stefan Scholz,Pop
stefan ugryz,Pop
Stephan Moccio,Ambient
Stephan Schleiner,Classical
Stephen Sanchez,Singer-Songwriter
Steve Dawson,Pop
Steve Devon,Pop
Steve Kazee,Musical Theatre
Steve Lacy,Lo-Fi
Steve Tyrell,Pop
Stevie Wonder,Funk
Sticky Fingers,Pop
Still Woozy,Indie Pop
Stormzy,Hip-Hop/Rap
Strandz,Pop
Strawberry Guy,Indie Pop
Strings From Paris,Pop
Stryker Pose,Pop
SUBSTANCE810,Pop
Sufjan Stevens,Singer-Songwriter
Suite Mentale,Pop
Sukhbir,Hip-Hop/Rap
Sukhwinder Singh,Bollywood
Suki Waterhouse,Indie Pop
Summer Salt,Garage Rock
Summer Walker,Dancehall
Sun Room,Pop
Sune Klintberg,Pop
Sunidhi Chauhan,Indian Pop
Sunny Dawn Johnston,Ambient
Super Guitar Bros,Pop
SuperM,Pop
Superstar Pride,Pop
Surendra Shukla,Pop
Surfaces,R&B
Susan Suarez,Pop
Sushin Shyam,Malay Pop
Sven Grimm,Pop
Swae Lee,EDM
Swarmz,Pop
Swattrex,Indian Pop
Swedish House Mafia,House
SwitchOTR,Chillout
switxh,Pop
sxratchy,Pop
SYML,Pop
Syrioja,Pop
System Of A Down,Metal
SZA,R&B
T-Fire,Pop
T-Shyne,Pop
ta2cute,Pop
tacoyaki,Pop
Tai Verdes,Indie Pop
Tainy,Latin
Take Me To Your Best Friends House,Electronic
Takeoff,Hip-Hop/Rap
Tame Impala,Psychedelic Pop
Tammy Blanchard,Pop
tana,Hip-Hop/Rap
Tanishk Bagchi,Pop
Taron Egerton,Pop
Tarun Sagar,Electronic
Tate McRae,EDM
Tay-K,Pop
Taylor Stone,Pop
Taylor Swift,Pop
Tears For Fears,Synth-pop
Tec,Pop
Tech N9ne,Hip-Hop/Rap
Ted Greene,Pop
Ted Ross Quartet,Pop
Ted Taylor,Pop
Teddy Knight,Classical
Teddy Wilson,Pop
Tee Grizzley,Hip-Hop/Rap
TEEFIE,Pop
Tegan and Sara,Techno
Tems,Dancehall
Temz,Pop
Teo,Pop
Teriyaki Boyz,Pop
terra,Pop
Terrace Martin,Pop
Teuteu,Pop
Textures of Nature,Pop
Teyana Taylor,Alternative Rock
The 1975,Alternative Rock
The Alan Parsons Project,Pop
The Alchemist,Hip-Hop/Rap
The Animals,Psychedelic Rock
The Arthouses,Electronic
The Backing Tracks,Pop
The Backseat Lovers,Indie Pop
The Beach Boys,Psychedelic Rock
The Beatles,Rock
The Bedtime Orchestra,Ambient
The Black Skirts,Indie Pop
The Blue Alley,Pop
The Brothers Nylon,Pop
The Cardigans,Pop
The Chainsmokers,Electronic
The Chords,Pop
The City of Prague Philharmonic Orchestra,New Age
The Clash,Punk
The Clientele,Pop
The Collective,Pop
The Cool Kids,Pop
The Cranberries,Rock
The Crystals,Rock and Roll
The Daughters Of Eve,Pop
The Dave Brubeck Quartet,Jazz
The Don Mason Trio,Pop
The Doobie Brothers,Blues
The Doppelgangaz,Hip-Hop/Rap
The Durutti Column,Pop
The Five Stairsteps,Pop
The Flaming Lips,Electronic
The Flamingos,Blues
The Game,Hip-Hop/Rap
The Gap Band,Disco
The Golden Orchestra,Classical
The Goo Goo Dolls,Rock
The Gregory Brothers,Pop
The Grodeck Whipperjenny,Pop
The Groove Trio,Pop
The Guess Who,Psychedelic Rock
The Herbaliser,Trip-Hop
The Hornheads,Pop
The Ink Spots,Pop
The Internet,R&B
The Intruders,Disco
The Isley Brothers,Disco
The Jacksons,Disco
The Japanese House,R&B
The Jeff Steinberg Jazz Ensemble,Jazz
The Jimmy Castor Bunch,R&B
The Joker & The Thief,Rock
The Kid LAROI,Hip-Hop/Rap
The Killers,Alternative Rock
The Lemonheads,Pop
The Little Dippers,Pop
The Lonely Island,Comedy
The Lullaby Guys,Classical
The Macarons Project,Pop
The Mamas & The Papas,Psychedelic Rock
The Marías,Indie Pop
The Meters,Pop
The Mills Brothers,Pop
The Mohawks,Pop
The Monkees,Psychedelic Rock
The Moody Blues,Psychedelic Rock
The Nature Within,Pop
The Neighbourhood,Alternative Rock
The Noise,Pop
The Notations,Pop
The Notorious B.I.G.,Hip-Hop/Rap
The O'Neill Brothers Group,Classical
The OneUps,Pop
The Poet,Pop
The Police,Rock
The Ponderosa Twins Plus One,Pop
The Purist,Pop
The Radio Dept.,Ambient
The Rah Band,Funk
The Rare Occasions,Indie Rock
The Rembrandts,Pop
The Righteous Brothers,Rockabilly
The Rippingtons,Jazz
The Rolling Stones,British
The Ronettes,Pop
The Roots,Hip-Hop/Rap
The Royal Jesters,Pop
The Score,Alternative Rock
THE SCOTTS,Pop
The Script,Rock
The Seige,Alternative Rock
The Sh-Booms,Pop
The Sha La Das,Pop
The Shadows,Rockabilly
The Smiths,Indie Rock
The Soundtrackers,Pop
The Southern Belle,Pop
The Spencer Davis Group,British
The Strokes,Garage Rock
The Strumbellas,Folk
The Sundays,Pop
The Super Smart Trio,Pop
The Sweetgreens,Pop
The Temptations,R&B
The Theme Song,Pop
The Theorist,Classical
The Three Degrees,Disco
The Three Queens,Pop
The Tokens,Ambient
The Trap Remix Guys,Hip-Hop/Rap
The Turtles,Psychedelic Rock
The Underachievers,Pop
The Vernon Spring,Pop
The Wailers,Dub
The Walters,Indie Rock
The Wanted,Rock
The Weeknd,R&B
The White Stripes,Garage Rock
Thee Sacred Souls,Pop
TheFatRat,Pop
Thelonious,Pop
Thelonious Monk,Classical
Them & I,Pop
TheNewBonnie,Pop
Theodore Shapiro,Pop
Thierry Marchal,Pop
Thomas Attwood,Classical
Thomas Newman,Pop
Thomas Sejthen Trio,Pop
Three 6 Mafia,Pop
Thundercat,J Dance
TiaCorine,Pop
Tiana Major9,Chillout
Tibeauthetraveler,Pop
Tiji Jojo,Pop
Tim Franks Trio,Pop
Tim Simonec,Jazz
Tim Walker-Price,Pop
Timmies,Chillout
Timmy Thomas,Pop
Timothy Reisen,Pop
Tina Turner,Disco
Tina Wellbeck,Pop
Tinashe,House
Tindra Rosenlind,Pop
Tion Wayne,Hip-Hop/Rap
Tiësto,Trance
TLC,Pop
Tobi & Manny,Pop
Toby Fox,Pop
Toby Turner,Pop
Todd Rundgren,Pop
TOKYOPILL,Pop
TOKYO’S REVENGE,Pop
Tom Jones,British
Tom Meredith,Classical
Tom Misch,J-Pop
Tom Odell,Chillout
Tom Petty and the Heartbreakers,Folk
Tom Rosenthal,British
Tom The Mail Man,Pop
Tomas Lee,Classical
Tomasz Bura,Pop
Tommy Dorsey,Classical
Tommy Flanagan Trio,Pop
Tommy Ice,Emo
Tommy Lefroy,Pop
Tommy Richman,Pop
TommyMuzzic,Pop
Tonal Topographies,Pop
Toni Braxton,R&B
Tony Bennett,Jazz
Tony K,Pop
Tony Kakkar,Bollywood
Toosii,R&B
Toploader,British
Tory Lanez,Emo
Toshifumi Hinata,Pop
TOTO,Rock
Trae Tha Truth,Pop
Train,Rock
Trap Remix Guys,Hip-Hop/Rap
Traveling Wilburys,Blues
Travis,R&B
Travis Scott,Hip-Hop/Rap
Trent Garner,Ambient
Trent Reznor and Atticus Ross,Pop
Trevor Daniel,House
Trevor Potts,Pop
Trey Patton,Pop
Trez Archive,Pop
Trick Daddy,Hip-Hop/Rap
Trim,Hip-Hop/Rap
Trio,Pop
Trio Serena,Pop
Trippie Redd,Dub
Trois Amis,Pop
Troy Javelona,Pop
Tru Life,Pop
TruththeBull,Pop
trvs,Pop
Tryve,Pop
TS Eklund,Pop
Tsche Tsche Ballada,Pop
Tskinz,Pop
Tupperwave,Pop
Turbo,Classical
Turnstile,Pop
TV Girl,Indie Pop
TV Theme Song Library,Pop
TV Themes,Pop
tvuj tata,Pop
Twenty One Pilots,Rock
Twin Atlantic,Pop
Twista,Indie Pop
TWXN,Pop
Txmy,Pop
Ty Dolla $ign,R&B
Tyga,Electronic
Tyla,Pop
Tyla Yaweh,Hip-Hop/Rap
Tyler Bates,Pop
Tyler Marshall,Pop
"Tyler, The Creator",Hip-Hop/Rap
TyLuv.,Pop
U2,Pop
Udit Narayan,K-Pop
UGK,Hip-Hop/Rap
Uk Drill Hub,Hip-Hop/Rap
Ultimate Tribute Stars,Pop
UMI,Chillout
Underwater Sound,Pop
UNIYAL,Pop
Unk,Pop
Unknown P,Pop
Unknown T,Hip-Hop/Rap
Uno Blanket,Pop
Urban Jazz Junction,Jazz
Urge Overkill,Pop
Urskogen Jazz,Jazz
US Air Force Airmen Of Note,Pop
US Military Bands,Pop
USHER,Hip-Hop/Rap
USNA,Pop
Vacations,Indie Rock
Vakur Svalason,Pop
Valentine Summers,Pop
Valerie Simpson,Pop
Van Halen,Hard Rock
Van Morrison,British
Vance Joy,Folk
Vancouver Sleep Clinic,Folk
Vandolizm,Pop
Vanessa Carlton,Alternative Rock
Vangelis,Ambient
Vansire,Indie Pop
Various Artists,Dance
Veeze,Pop
Velvet Groove,Pop
Velvet Horizon,Pop
Vendla,Pop
Venna,Pop
Vera Nightingale,Pop
Vernon Sanders,Pop
Verzache,Chillout
VGR,Pop
Vibbar,Pop
Vic Carnes,Pop
Vicetone,House
Victony,Dancehall
Vidar Arvidsson,Pop
Video Days,Pop
Video Game Players,Pop
Viigo,Pop
Viktor Vaughn,Hip-Hop/Rap
Vilen,Hip-Hop/Rap
Vince Guaraldi Trio,Jazz
Vince Staples,Pop
Vinod Rathod,Bollywood
Virginio Aiello,Pop
Vishal Dadlani,Bollywood
Vishal Mishra,Bollywood
Vishal-Shekhar,Bollywood
Vismay Patel,Singer-Songwriter
Viuta,Pop
void,Pop
Von Neumann Effect,Pop
Vybz Kartel,J Dance
Wabie,Pop
Wajid,Hip-Hop/Rap
Wale,Chillout
WALK THE MOON,Alternative Rock
Wallows,Indie Pop
Walter Penn,Pop
Ward Stetson,Pop
wave to earth,Chillout
Wayne Buckley,Pop
Wayne Shorter,Pop
We Rabbitz,Pop
Wee,Pop
Weezer,Pop
Wes Anderson,Pop
Wes Ivory,Pop
Wes Montgomery,Instrumental
Westover Denver,Pop
Westside Gunn,Hip-Hop/Rap
Wham!,Synth-pop
White Noise,World
White Noise Therapy,Ambient
Whitney Houston,EDM
who.nate,Pop
WHOKILLEDXIX,Pop
Widow,Pop
Wiki,Pop
Wilbur Soot,Indie Pop
Wildea Wilderus,Pop
Wildflower Trio,Pop
Wilkinson,Drum and Bass
will fm,Pop
Will Mays,Hip-Hop/Rap
Will Paquin,Pop
Will Smith,Salsa
will.i.am,Rock
William Adams,Pop
William Bolton,Pop
William Claeson,Pop
William Jacobs,Hip-Hop/Rap
William Ten Have,Pop
Willie Colón,Salsa
Willie Nelson,Country
WILLIS,Pop
WILLOW,Alternative Rock
Willowdale,Pop
Willyynova,Pop
Wilson Pickett,R&B
Windows 96,Pop
Wings,Pop
Winola Weber,Pop
Winston Brey,Pop
Witness,Pop
Wiz Khalifa,Hip-Hop/Rap
Wiz Senega,Pop
Wizkid,Dancehall
Wolf Alice,Alternative Rock
Wolfgang Amadeus Mozart,Classical
Wu-Tang Clan,Hip-Hop/Rap
X Ambassadors,Alternative Rock
Xanity,Pop
Xavier Wulf,Pop
Xntry,Pop
XXKATUSJINSUX,Pop
XXXTENTACION,Emo
Y2K,Pop
Yakkle,Pop
Yakob Dye,Pop
Yamê,Pop
Yash Narvekar,Malay Pop
Yashita Sharma,Indian Pop
Yasser Desai,Bollywood
Yaydo,Pop
YBN Nahmir,Hip-Hop/Rap
Ye,Pop
Yeah Yeah Yeahs,Punk
Yeat,Pop
Yebba,Rock
Yehezkel Raz,Pop
YG,Hip-Hop/Rap
Yizzy,Pop
YNG LEGEND,Pop
YNG OG,Pop
YNM Skits,Pop
YNW Melly,Hip-Hop/Rap
Yo Yo Honey Singh,Hip-Hop/Rap
Yohani,Indie Rock
Yoko Shimomura,Pop
Yonny,Pop
Yot Club,Indie Pop
You'll Never Get to Heaven,Ambient
Young Khaliq,Hip-Hop/Rap
Young Money,Hip-Hop/Rap
Young Nudy,Hip-Hop/Rap
Young Stoner Life,Hip-Hop/Rap
Young T & Bugsey,Hip-Hop/Rap
Young the Giant,Alternative Rock
Young Thug,Hip-Hop/Rap
YoungBoy Never Broke Again,Hip-Hop/Rap
your movie soundtrack,Classical
YT,Pop
Yuji Ohno,Pop
Yung Bleu,Hip-Hop/Rap
Yung Filly,Pop
Yung Gravy,Hip-Hop/Rap
Yung Lean,Dance
Yung Pooda,Pop
Yung Zime,Pop
YUNGMORPHEUS,Pop
Yusef Lateef,Pop
Yves Montand,Pop
Yves Tumor,Gospel
Yves V,House
z4ne,Pop
Zach Dawson,Pop
Zach Flash,Pop
Zach Templar,Pop
Zachary Nelson,Pop
Zachary Ronin,Pop
Zack Knight,Hip-Hop/Rap
Zaeden,EDM
Zara Larsson,Pop
Zatrix,Pop
ZAYN,Dance
Zedd,Techno
Zela Margossian Quintet,Pop
Zen Anani,Pop
Zephyrical,Pop
Zh'yahr,Pop
Zims Ele,Ambient
Zion Houston,Pop
Zlone,Pop
Zola Davis,Pop
Zoo Culture,Pop
Zoot Sims,Pop
ZULAN,Pop
¥$,Pop
Âm thanh đưa vào giấc ngủ,Pop
Édith Piaf,Opera
Øneheart,Pop
攬佬SKAI ISYOURGOD,Pop
緑,Electronic
